,((p+p*n)-p*p*n),(1+p),(1+p*n),(1-p),(1-p*n),(n*n),(n*x),(n+x),(n-x),(p*p*n),(p+p*n),(x*x),(x-n),expected_post,n,p,p*n,post-init,x
0,3.03,1.27,4.78,0.73,-2.78,196,0,14,14,1.02,4.05,0,-14,28.416,14,0.27,3.78,28.416,0
1,1.94,1.45,3.7,0.55,-1.7,36,0,6,6,1.22,3.15,0,-6,9.482,6,0.45,2.7,9.482,0
2,2.22,1.76,7.08,0.24,-5.08,64,128,24,-8,4.62,6.84,256,8,43.758,8,0.76,6.08,27.758000000000003,16
3,3.81,1.25,5.75,0.75,-3.75,361,285,34,4,1.19,5.0,225,-4,61.352,19,0.25,4.75,46.352,15
4,1.66,1.77,4.85,0.23,-2.85,25,50,15,-5,2.96,4.62,100,5,21.506,5,0.77,3.85,11.506,10
5,1.59,1.22,2.76,0.78,-0.76,64,56,15,1,0.39,1.98,49,-1,14.506,8,0.22,1.76,7.506,7
6,0.86,1.14,1.84,0.86,0.16,36,54,15,-3,0.12,0.98,81,3,12.062,6,0.14,0.84,3.0619999999999994,9
7,2.19,1.3,3.7,0.7,-1.7,81,72,17,1,0.81,3.0,64,-1,21.404,9,0.3,2.7,13.404,8
8,0.66,1.09,1.63,0.91,0.37,49,133,26,-12,0.06,0.72,361,12,21.644,7,0.09,0.63,2.6439999999999984,19
9,3.27,1.57,7.27,0.43,-5.27,121,99,20,2,3.57,6.84,81,-2,46.864,11,0.57,6.27,37.864,9
10,2.38,1.26,3.86,0.74,-1.86,121,0,11,11,0.74,3.12,0,-11,18.206,11,0.26,2.86,18.206,0
11,3.4,1.64,8.68,0.36,-6.68,144,72,18,6,4.92,8.32,36,-6,56.526,12,0.64,7.68,50.526,6
12,4.97,1.36,8.2,0.64,-6.2,400,60,23,17,2.59,7.56,9,-17,77.522,20,0.36,7.2,74.522,3
13,3.87,1.3,6.1,0.7,-4.1,289,102,23,11,1.53,5.4,36,-11,52.78,17,0.3,5.1,46.78,6
14,4.26,1.56,9.4,0.44,-7.4,225,120,23,7,4.7,8.96,64,-7,74.542,15,0.56,8.4,66.542,8
15,1.53,1.29,2.74,0.71,-0.74,36,96,22,-10,0.5,2.03,256,10,21.876,6,0.29,1.74,5.876000000000001,16
16,0.72,1.07,1.7,0.93,0.3,100,140,24,-4,0.05,0.77,196,4,18.006,10,0.07,0.7,4.006,14
17,2.75,1.5,5.5,0.5,-3.5,81,27,12,6,2.25,5.0,9,-6,25.414,9,0.5,4.5,22.414,3
18,1.32,1.6,2.8,0.4,-0.8,9,30,13,-7,1.08,2.4,100,7,13.628,3,0.6,1.8,3.628,10
19,0.64,1.4,1.4,0.6,0.6,1,7,8,-6,0.16,0.8,49,6,7.396,1,0.4,0.4,0.3959999999999999,7
20,3.38,1.65,8.8,0.35,-6.8,144,144,24,0,5.07,8.45,144,0,63.624,12,0.65,7.8,51.624,12
21,4.22,1.59,9.85,0.41,-7.85,225,285,34,-4,5.22,9.44,361,4,88.12,15,0.59,8.85,69.12,19
22,1.29,1.23,2.38,0.77,-0.38,36,102,23,-11,0.32,1.61,289,11,22.068,6,0.23,1.38,5.068000000000001,17
23,0.84,1.6,1.6,0.4,0.4,1,9,10,-8,0.36,1.2,81,8,9.62,1,0.6,0.6,0.6199999999999992,9
24,5.29,1.63,13.6,0.37,-11.6,400,260,33,7,7.94,13.23,169,-7,145.05,20,0.63,12.6,132.05,13
25,1.55,1.15,2.65,0.85,-0.65,121,110,21,1,0.25,1.8,100,-1,20.248,11,0.15,1.65,10.248000000000001,10
26,2.53,1.55,5.4,0.45,-3.4,64,80,18,-2,2.42,4.95,100,2,30.204,8,0.55,4.4,20.204,10
27,4.75,1.72,15.4,0.28,-13.4,400,300,35,5,10.37,15.12,225,-5,165.99,20,0.72,14.4,150.99,15
28,1.49,1.49,2.96,0.51,-0.96,16,16,8,0,0.96,2.45,16,0,9.02,4,0.49,1.96,5.02,4
29,2.02,1.65,4.9,0.35,-2.9,36,54,15,-3,2.54,4.55,81,3,22.648,6,0.65,3.9,13.648,9
30,1.58,1.81,5.05,0.19,-3.05,25,15,8,2,3.28,4.86,9,-2,15.296,5,0.81,4.05,12.296,3
31,3.8,1.41,6.74,0.59,-4.74,196,14,15,13,2.35,6.15,1,-13,44.412,14,0.41,5.74,43.412,1
32,2.54,1.18,3.88,0.82,-1.88,256,224,30,2,0.52,3.06,196,-2,38.05,16,0.18,2.88,24.049999999999997,14
33,1.21,1.87,3.61,0.13,-1.61,9,24,11,-5,2.27,3.48,64,5,13.218,3,0.87,2.61,5.218,8
34,3.89,1.44,7.16,0.56,-5.16,196,196,28,0,2.71,6.6,196,0,59.496,14,0.44,6.16,45.496,14
35,3.37,1.32,5.48,0.68,-3.48,196,280,34,-6,1.43,4.8,400,6,54.128,14,0.32,4.48,34.128,20
36,5.5,1.5,11.0,0.5,-9.0,400,60,23,17,5.0,10.5,9,-17,110.314,20,0.5,10.0,107.314,3
37,4.31,1.75,15.25,0.25,-13.25,361,114,25,13,10.69,15.0,36,-13,147.882,19,0.75,14.25,141.882,6
38,2.04,1.27,3.43,0.73,-1.43,81,9,10,8,0.66,2.7,1,-8,13.426,9,0.27,2.43,12.426,1
39,2.18,1.86,10.46,0.14,-8.46,121,44,15,7,8.14,10.32,16,-7,61.112,11,0.86,9.46,57.112,4
40,2.89,1.88,17.72,0.12,-15.72,361,285,34,4,14.71,17.6,225,-4,182.452,19,0.88,16.72,167.452,15
41,4.94,1.59,11.62,0.41,-9.62,324,324,36,0,6.27,11.21,324,0,118.954,18,0.59,10.62,100.954,18
42,3.24,1.3,5.2,0.7,-3.2,196,112,22,6,1.26,4.5,64,-6,39.636,14,0.3,4.2,31.636000000000003,8
43,1.12,1.76,2.52,0.24,-0.52,4,16,10,-6,1.16,2.28,64,6,10.266,2,0.76,1.52,2.266,8
44,3.26,1.69,9.28,0.31,-7.28,144,228,31,-7,5.71,8.97,361,7,73.132,12,0.69,8.28,54.132000000000005,19
45,4.31,1.28,6.6,0.72,-4.6,400,180,29,11,1.57,5.88,81,-11,66.848,20,0.28,5.6,57.848,9
46,3.44,1.46,6.52,0.54,-4.52,144,48,16,8,2.54,5.98,16,-8,40.372,12,0.46,5.52,36.372,4
47,3.88,1.73,12.68,0.27,-10.68,256,208,29,3,8.53,12.41,169,-3,112.808,16,0.73,11.68,99.808,13
48,5.0,1.55,10.9,0.45,-8.9,324,90,23,13,5.45,10.45,25,-13,100.86,18,0.55,9.9,95.86,5
49,0.96,1.06,1.96,0.94,0.04,256,192,28,4,0.06,1.02,144,-4,21.174,16,0.06,0.96,9.174,12
50,1.24,1.34,2.36,0.66,-0.36,16,40,14,-6,0.46,1.7,100,6,13.354,4,0.34,1.36,3.353999999999999,10
51,4.0,1.4,7.0,0.6,-5.0,225,30,17,13,2.4,6.4,4,-13,50.556,15,0.4,6.0,48.556,2
52,1.47,1.78,4.12,0.22,-2.12,16,32,12,-4,2.43,3.9,64,4,15.886,4,0.78,3.12,7.885999999999999,8
53,3.24,1.74,10.62,0.26,-8.62,169,143,24,2,7.12,10.36,121,-2,78.278,13,0.74,9.62,67.278,11
54,4.68,1.6,11.2,0.4,-9.2,289,68,21,13,6.12,10.8,16,-13,95.424,17,0.6,10.2,91.424,4
55,2.51,1.61,5.88,0.39,-3.88,64,144,26,-10,2.98,5.49,324,10,39.452,8,0.61,4.88,21.451999999999998,18
56,0.73,1.22,1.66,0.78,0.34,9,0,3,3,0.15,0.88,0,-3,1.38,3,0.22,0.66,1.38,0
57,2.07,1.94,19.8,0.06,-17.8,400,260,33,7,17.67,19.74,169,-7,210.13,20,0.94,18.8,197.13,13
58,1.64,1.78,4.9,0.22,-2.9,25,80,21,-11,3.04,4.68,256,11,27.678,5,0.78,3.9,11.678,16
59,4.01,1.56,8.84,0.44,-6.84,196,168,26,2,4.39,8.4,144,-2,71.492,14,0.56,7.84,59.492000000000004,12
60,1.62,1.94,12.28,0.06,-10.28,144,192,28,-4,10.6,12.22,256,4,89.39,12,0.94,11.28,73.39,16
61,2.95,1.79,11.27,0.21,-9.27,169,221,30,-4,8.11,11.06,289,4,88.84,13,0.79,10.27,71.84,17
62,0.76,1.23,1.69,0.77,0.31,9,27,12,-6,0.16,0.92,81,6,10.31,3,0.23,0.69,1.3100000000000005,9
63,0.87,1.21,1.84,0.79,0.16,16,36,13,-5,0.18,1.05,81,5,11.298,4,0.21,0.84,2.298,9
64,0.4,1.06,1.36,0.94,0.64,36,120,26,-14,0.02,0.42,400,14,21.17,6,0.06,0.36,1.1700000000000017,20
65,3.73,1.59,8.67,0.41,-6.67,169,104,21,5,4.53,8.26,64,-5,61.1,13,0.59,7.67,53.1,8
66,3.63,1.37,6.18,0.63,-4.18,196,126,23,5,1.92,5.55,81,-5,47.684,14,0.37,5.18,38.684,9
67,0.92,1.13,1.91,0.87,0.09,49,133,26,-12,0.12,1.04,361,12,22.268,7,0.13,0.91,3.2680000000000007,19
68,5.15,1.66,14.2,0.34,-12.2,400,100,25,15,8.71,13.86,25,-15,143.58,20,0.66,13.2,138.58,5
69,0.36,1.13,1.26,0.87,0.74,4,26,15,-11,0.03,0.39,169,11,13.36,2,0.13,0.26,0.35999999999999943,13
70,1.55,1.69,3.76,0.31,-1.76,16,48,16,-8,1.9,3.45,144,8,18.756,4,0.69,2.76,6.756,12
71,1.3,1.37,2.48,0.63,-0.48,16,76,23,-15,0.55,1.85,361,15,22.572,4,0.37,1.48,3.571999999999999,19
72,0.29,1.05,1.25,0.95,0.75,25,5,6,4,0.01,0.3,1,-4,1.762,5,0.05,0.25,0.762,1
73,5.26,1.54,11.26,0.46,-9.26,361,323,36,2,5.54,10.8,289,-2,119.378,19,0.54,10.26,102.378,17
74,3.8,1.41,6.74,0.59,-4.74,196,28,16,12,2.35,6.15,4,-12,44.472,14,0.41,5.74,42.472,2
75,0.47,1.13,1.39,0.87,0.61,9,39,16,-10,0.05,0.52,169,10,13.696,3,0.13,0.39,0.6959999999999997,13
76,0.87,1.39,1.78,0.61,0.22,4,26,15,-11,0.3,1.17,169,11,14.238,2,0.39,0.78,1.2379999999999995,13
77,4.75,1.5,9.5,0.5,-7.5,289,68,21,13,4.25,9.0,16,-13,78.536,17,0.5,8.5,74.536,4
78,1.07,1.91,2.82,0.09,-0.82,4,40,22,-18,1.66,2.73,400,18,22.72,2,0.91,1.82,2.719999999999999,20
79,4.02,1.53,8.42,0.47,-6.42,196,28,16,12,3.93,7.95,4,-12,57.994,14,0.53,7.42,55.994,2
80,4.96,1.4,8.6,0.6,-6.6,361,190,29,9,3.04,8.0,100,-9,85.49,19,0.4,7.6,75.49,10
81,3.27,1.19,4.8,0.81,-2.8,400,180,29,11,0.72,3.99,81,-11,49.178,20,0.19,3.8,40.178,9
82,2.71,1.16,4.04,0.84,-2.04,361,285,34,4,0.49,3.2,225,-4,45.946,19,0.16,3.04,30.945999999999998,15
83,3.87,1.64,9.96,0.36,-7.96,196,42,17,11,5.73,9.6,9,-11,70.754,14,0.64,8.96,67.754,3
84,0.59,1.17,1.51,0.83,0.49,9,60,23,-17,0.09,0.68,400,17,20.992,3,0.17,0.51,0.9920000000000009,20
85,0.52,1.31,1.31,0.69,0.69,1,0,1,1,0.1,0.62,0,-1,0.312,1,0.31,0.31,0.312,0
86,2.03,1.62,4.72,0.38,-2.72,36,42,13,-1,2.31,4.34,49,1,20.052,6,0.62,3.72,13.052,7
87,2.81,1.83,12.62,0.17,-10.62,196,238,31,-3,9.64,12.45,289,3,103.78,14,0.83,11.62,86.78,17
88,1.66,1.95,15.25,0.05,-13.25,225,300,35,-5,13.54,15.2,400,5,134.098,15,0.95,14.25,114.09800000000001,20
89,3.52,1.53,7.36,0.47,-5.36,144,132,23,1,3.37,6.89,121,-1,51.158,12,0.53,6.36,40.158,11
90,1.82,1.83,6.81,0.17,-4.81,49,84,19,-5,4.82,6.64,144,5,35.346,7,0.83,5.81,23.345999999999997,12
91,0.63,1.39,1.39,0.61,0.61,1,20,21,-19,0.15,0.78,400,19,20.388,1,0.39,0.39,0.3880000000000017,20
92,3.34,1.72,10.36,0.28,-8.36,169,117,22,4,6.74,10.08,81,-4,74.878,13,0.72,9.36,65.878,9
93,1.58,1.86,6.16,0.14,-4.16,36,114,25,-13,4.44,6.02,361,13,37.14,6,0.86,5.16,18.14,19
94,4.97,1.69,14.8,0.31,-12.8,400,180,29,11,9.52,14.49,81,-11,151.69,20,0.69,13.8,142.69,9
95,1.0,1.5,2.0,0.5,0.0,4,32,18,-14,0.5,1.5,256,14,17.572,2,0.5,1.0,1.5719999999999992,16
96,5.47,1.57,12.4,0.43,-10.4,400,120,26,14,6.5,11.97,36,-14,128.232,20,0.57,11.4,122.232,6
97,0.3,1.08,1.24,0.92,0.76,9,45,18,-12,0.02,0.32,225,12,15.47,3,0.08,0.24,0.47000000000000064,15
98,2.95,1.83,13.45,0.17,-11.45,225,285,34,-4,10.33,13.28,361,4,118.406,15,0.83,12.45,99.406,19
99,1.33,1.94,7.58,0.06,-5.58,49,91,20,-6,6.19,7.52,169,6,39.28,7,0.94,6.58,26.28,13
100,1.32,1.59,2.77,0.41,-0.77,9,39,16,-10,1.04,2.36,169,10,16.414,3,0.59,1.77,3.4140000000000015,13
101,3.55,1.41,6.33,0.59,-4.33,169,13,14,12,2.19,5.74,1,-12,38.146,13,0.41,5.33,37.146,1
102,2.52,1.6,5.8,0.4,-3.8,64,80,18,-2,2.88,5.4,100,2,31.688,8,0.6,4.8,21.688,10
103,2.29,1.57,4.99,0.43,-2.99,49,14,9,5,2.27,4.56,4,-5,17.924,7,0.57,3.99,15.924,2
104,2.78,1.79,10.48,0.21,-8.48,144,84,19,5,7.49,10.27,49,-5,67.8,12,0.79,9.48,60.8,7
105,1.88,1.24,3.16,0.76,-1.16,81,162,27,-9,0.52,2.4,324,9,28.776,9,0.24,2.16,10.776,18
106,0.65,1.41,1.41,0.59,0.59,1,18,19,-17,0.17,0.82,324,17,18.408,1,0.41,0.41,0.40800000000000125,18
107,0.79,1.24,1.72,0.76,0.28,9,39,16,-10,0.17,0.96,169,10,14.484,3,0.24,0.72,1.484,13
108,0.74,1.08,1.72,0.92,0.28,81,81,18,0,0.06,0.8,81,0,12.614,9,0.08,0.72,3.6140000000000008,9
109,1.94,1.45,3.7,0.55,-1.7,36,66,17,-5,1.22,3.15,121,5,20.548,6,0.45,2.7,9.547999999999998,11
110,2.93,1.32,4.84,0.68,-2.84,144,12,13,11,1.23,4.16,1,-11,26.2,12,0.32,3.84,25.2,1
111,2.31,1.25,3.75,0.75,-1.75,121,22,13,9,0.69,3.0,4,-9,18.95,11,0.25,2.75,16.95,2
112,2.92,1.65,7.5,0.35,-5.5,100,80,18,2,4.23,7.15,64,-2,43.334,10,0.65,6.5,35.334,8
113,2.37,1.21,3.73,0.79,-1.73,169,65,18,8,0.57,2.94,25,-8,25.284,13,0.21,2.73,20.284,5
114,0.34,1.19,1.19,0.81,0.81,1,18,19,-17,0.04,0.38,324,17,18.202,1,0.19,0.19,0.20200000000000173,18
115,1.8,1.57,3.85,0.43,-1.85,25,90,23,-13,1.62,3.42,324,13,26.568,5,0.57,2.85,8.568000000000001,18
116,2.62,1.22,4.08,0.78,-2.08,196,98,21,7,0.68,3.3,49,-7,30.674,14,0.22,3.08,23.674,7
117,1.64,1.2,2.8,0.8,-0.8,81,180,29,-11,0.36,2.0,400,11,29.062,9,0.2,1.8,9.062000000000001,20
118,3.2,1.21,4.78,0.79,-2.78,324,288,34,2,0.79,3.99,256,-2,50.678,18,0.21,3.78,34.678,16
119,3.27,1.55,7.05,0.45,-5.05,121,88,19,3,3.33,6.6,64,-3,44.974,11,0.55,6.05,36.974,8
120,2.09,1.74,6.18,0.26,-4.18,49,7,8,6,3.83,5.92,1,-6,21.444,7,0.74,5.18,20.444,1
121,2.04,1.61,4.66,0.39,-2.66,36,54,15,-3,2.23,4.27,81,3,21.614,6,0.61,3.66,12.614,9
122,1.69,1.34,3.04,0.66,-1.04,36,60,16,-4,0.69,2.38,100,4,17.178,6,0.34,2.04,7.178000000000001,10
123,2.99,1.17,4.4,0.83,-2.4,400,100,25,15,0.58,3.57,25,-15,41.442,20,0.17,3.4,36.442,5
124,1.92,1.84,7.72,0.16,-5.72,64,48,14,2,5.64,7.56,36,-2,36.322,8,0.84,6.72,30.322000000000003,6
125,4.46,1.47,8.52,0.53,-6.52,256,224,30,2,3.53,7.99,196,-2,78.3,16,0.47,7.52,64.3,14
126,1.39,1.12,2.44,0.88,-0.44,144,144,24,0,0.17,1.56,144,0,21.416,12,0.12,1.44,9.416,12
127,4.14,1.44,7.6,0.56,-5.6,225,300,35,-5,2.9,7.04,400,5,72.302,15,0.44,6.6,52.30200000000001,20
128,1.27,1.1,2.3,0.9,-0.3,169,260,33,-7,0.13,1.4,400,7,28.854,13,0.1,1.3,8.854,20
129,2.95,1.76,10.12,0.24,-8.12,144,144,24,0,6.93,9.88,144,0,71.344,12,0.76,9.12,59.343999999999994,12
130,1.24,1.34,2.36,0.66,-0.36,16,68,21,-13,0.46,1.7,289,13,20.432,4,0.34,1.36,3.4319999999999986,17
131,1.66,1.87,7.09,0.13,-5.09,49,126,25,-11,5.3,6.96,324,11,42.504,7,0.87,6.09,24.503999999999998,18
132,0.95,1.77,1.77,0.23,0.23,1,8,9,-7,0.59,1.54,64,7,8.776,1,0.77,0.77,0.7759999999999998,8
133,0.15,1.05,1.1,0.95,0.9,4,22,13,-9,0.01,0.15,121,9,11.138,2,0.05,0.1,0.1379999999999999,11
134,3.07,1.77,11.01,0.23,-9.01,169,0,13,13,7.71,10.78,0,-13,70.318,13,0.77,10.01,70.318,0
135,0.68,1.06,1.66,0.94,0.34,121,198,29,-7,0.04,0.72,324,7,21.954,11,0.06,0.66,3.9540000000000006,18
136,0.27,1.07,1.21,0.93,0.79,9,48,19,-13,0.01,0.28,256,13,16.412,3,0.07,0.21,0.41199999999999903,16
137,3.15,1.44,5.84,0.56,-3.84,121,22,13,9,2.13,5.28,4,-9,30.634,11,0.44,4.84,28.634,2
138,0.81,1.19,1.76,0.81,0.24,16,64,20,-12,0.14,0.95,256,12,18.08,4,0.19,0.76,2.0799999999999983,16
139,2.47,1.37,4.33,0.63,-2.33,81,108,21,-3,1.23,3.7,144,3,28.25,9,0.37,3.33,16.25,12
140,3.2,1.8,13.0,0.2,-11.0,225,15,16,14,9.6,12.8,1,-14,96.928,15,0.8,12.0,95.928,1
141,1.07,1.92,2.84,0.08,-0.84,4,36,20,-16,1.69,2.76,324,16,20.786,2,0.92,1.84,2.7860000000000014,18
142,1.28,1.36,2.44,0.64,-0.44,16,8,6,2,0.52,1.8,4,-2,5.728,4,0.36,1.44,3.7279999999999998,2
143,3.92,1.45,7.3,0.55,-5.3,196,280,34,-6,2.83,6.75,400,6,68.236,14,0.45,6.3,48.236000000000004,20
144,0.42,1.24,1.24,0.76,0.76,1,10,11,-9,0.06,0.48,100,9,10.23,1,0.24,0.24,0.23000000000000043,10
145,0.45,1.17,1.34,0.83,0.66,4,12,8,-4,0.06,0.51,36,4,6.508,2,0.17,0.34,0.508,6
146,4.72,1.58,10.86,0.42,-8.86,289,340,37,-3,5.72,10.44,400,3,109.152,17,0.58,9.86,89.152,20
147,1.07,1.18,2.08,0.82,-0.08,36,114,25,-13,0.19,1.26,361,13,22.416,6,0.18,1.08,3.4160000000000004,19
148,2.56,1.8,9.8,0.2,-7.8,121,55,16,6,7.04,9.6,25,-6,57.992,11,0.8,8.8,52.992,5
149,1.11,1.08,2.12,0.92,-0.12,196,28,16,12,0.09,1.2,4,-12,10.29,14,0.08,1.12,8.29,2
150,1.89,1.74,5.44,0.26,-3.44,36,102,23,-11,3.29,5.18,289,11,32.758,6,0.74,4.44,15.758000000000003,17
151,0.62,1.06,1.6,0.94,0.4,100,50,15,5,0.04,0.66,25,-5,8.276,10,0.06,0.6,3.276,5
152,0.14,1.07,1.07,0.93,0.93,1,1,2,0,0.0,0.14,1,0,1.07,1,0.07,0.07,0.07000000000000006,1
153,4.0,1.71,12.36,0.29,-10.36,256,208,29,3,8.07,12.07,169,-3,108.736,16,0.71,11.36,95.736,13
154,1.68,1.83,5.98,0.17,-3.98,36,18,9,3,4.13,5.81,9,-3,20.534,6,0.83,4.98,17.534,3
155,1.73,1.92,11.12,0.08,-9.12,121,154,25,-3,9.31,11.04,196,3,74.444,11,0.92,10.12,60.444,14
156,2.07,1.11,3.2,0.89,-1.2,400,280,34,6,0.24,2.31,196,-6,37.024,20,0.11,2.2,23.024,14
157,3.1,1.67,8.37,0.33,-6.37,121,22,13,9,4.94,8.04,4,-9,46.61,11,0.67,7.37,44.61,2
158,1.23,1.48,2.44,0.52,-0.44,9,33,14,-8,0.69,1.92,121,8,13.868,3,0.48,1.44,2.8680000000000003,11
159,4.06,1.65,10.75,0.35,-8.75,225,105,22,8,6.34,10.4,49,-8,85.132,15,0.65,9.75,78.132,7
160,0.74,1.14,1.7,0.86,0.3,25,0,5,5,0.1,0.84,0,-5,2.14,5,0.14,0.7,2.14,0
161,2.06,1.91,13.74,0.09,-11.74,196,126,23,5,11.59,13.65,81,-5,103.958,14,0.91,12.74,94.958,9
162,5.01,1.51,10.18,0.49,-8.18,324,90,23,13,4.68,9.69,25,-13,92.888,18,0.51,9.18,87.888,5
163,3.04,1.8,12.2,0.2,-10.2,196,238,31,-3,8.96,12.0,289,3,100.974,14,0.8,11.2,83.974,17
164,0.69,1.44,1.44,0.56,0.56,1,15,16,-14,0.19,0.88,225,14,15.448,1,0.44,0.44,0.4480000000000004,15
165,4.33,1.37,7.29,0.63,-5.29,289,340,37,-3,2.33,6.66,400,3,76.812,17,0.37,6.29,56.812,20
166,0.28,1.15,1.15,0.85,0.85,1,18,19,-17,0.02,0.3,324,17,18.15,1,0.15,0.15,0.14999999999999858,18
167,1.3,1.56,2.68,0.44,-0.68,9,48,19,-13,0.94,2.24,256,13,19.208,3,0.56,1.68,3.2079999999999984,16
168,3.96,1.6,9.4,0.4,-7.4,196,28,16,12,5.04,9.0,4,-12,65.45,14,0.6,8.4,63.45,2
169,2.62,1.22,4.08,0.78,-2.08,196,210,29,-1,0.68,3.3,225,1,37.412,14,0.22,3.08,22.412,15
170,2.11,1.87,10.57,0.13,-8.57,121,121,22,0,8.33,10.44,121,0,68.072,11,0.87,9.57,57.072,11
171,4.96,1.58,11.44,0.42,-9.44,324,72,22,14,6.06,11.02,16,-14,102.506,18,0.58,10.44,98.506,4
172,0.68,1.2,1.6,0.8,0.4,9,6,5,1,0.12,0.8,4,-1,3.204,3,0.2,0.6,1.2040000000000002,2
173,2.98,1.48,5.8,0.52,-3.8,100,60,16,4,2.3,5.28,36,-4,32.474,10,0.48,4.8,26.473999999999997,6
174,2.44,1.16,3.72,0.84,-1.72,289,136,25,9,0.44,2.88,64,-9,32.282,17,0.16,2.72,24.281999999999996,8
175,2.72,1.8,10.6,0.2,-8.6,144,72,18,6,7.68,10.4,36,-6,67.8,12,0.8,9.6,61.8,6
176,1.07,1.37,2.11,0.63,-0.11,9,51,20,-14,0.41,1.48,289,14,19.182,3,0.37,1.11,2.1819999999999986,17
177,3.75,1.58,8.54,0.42,-6.54,169,13,14,12,4.37,8.12,1,-12,53.558,13,0.58,7.54,52.558,1
178,4.8,1.42,8.56,0.58,-6.56,324,288,34,2,3.18,7.98,256,-2,86.69,18,0.42,7.56,70.69,16
179,0.29,1.06,1.24,0.94,0.76,16,20,9,-1,0.01,0.3,25,1,5.622,4,0.06,0.24,0.6219999999999999,5
180,1.71,1.35,3.1,0.65,-1.1,36,96,22,-10,0.73,2.45,256,10,23.518,6,0.35,2.1,7.518000000000001,16
181,2.62,1.69,7.21,0.31,-5.21,81,162,27,-9,4.28,6.9,324,9,49.564,9,0.69,6.21,31.564,18
182,2.27,1.62,5.34,0.38,-3.34,49,21,10,4,2.69,4.96,9,-4,20.3,7,0.62,4.34,17.3,3
183,2.6,1.2,4.0,0.8,-2.0,225,195,28,2,0.6,3.2,169,-2,37.67,15,0.2,3.0,24.67,13
184,4.1,1.37,6.92,0.63,-4.92,256,256,32,0,2.19,6.29,256,0,65.722,16,0.37,5.92,49.721999999999994,16
185,3.86,1.76,13.92,0.24,-11.92,289,153,26,8,9.82,13.68,81,-8,125.538,17,0.76,12.92,116.538,9
186,4.38,1.68,12.56,0.32,-10.56,289,34,19,15,7.86,12.24,4,-15,106.306,17,0.68,11.56,104.306,2
187,1.84,1.93,14.02,0.07,-12.02,196,154,25,3,12.11,13.95,121,-3,108.816,14,0.93,13.02,97.816,11
188,3.0,1.6,7.0,0.4,-5.0,100,90,19,1,3.6,6.6,81,-1,41.314,10,0.6,6.0,32.314,9
189,1.73,1.92,11.12,0.08,-9.12,121,121,22,0,9.31,11.04,121,0,71.038,11,0.92,10.12,60.038,11
190,2.66,1.81,10.72,0.19,-8.72,144,12,13,11,7.87,10.53,1,-11,63.752,12,0.81,9.72,62.752,1
191,0.83,1.59,1.59,0.41,0.41,1,18,19,-17,0.35,1.18,324,17,18.612,1,0.59,0.59,0.6119999999999983,18
192,4.63,1.62,11.54,0.38,-9.54,289,289,34,0,6.53,11.16,289,0,112.906,17,0.62,10.54,95.906,17
193,2.81,1.81,11.53,0.19,-9.53,169,13,14,12,8.53,11.34,1,-12,74.158,13,0.81,10.53,73.158,1
194,0.99,1.11,1.99,0.89,0.01,81,171,28,-10,0.11,1.1,361,10,23.87,9,0.11,0.99,4.870000000000001,19
195,4.49,1.57,10.12,0.43,-8.12,256,160,26,6,5.2,9.69,100,-6,86.162,16,0.57,9.12,76.162,10
196,1.53,1.72,3.88,0.28,-1.88,16,28,11,-3,2.07,3.6,49,3,14.146,4,0.72,2.88,7.146000000000001,7
197,0.91,1.06,1.9,0.94,0.1,225,255,32,-2,0.05,0.96,289,2,25.016,15,0.06,0.9,8.015999999999998,17
198,5.19,1.59,12.21,0.41,-10.21,361,19,20,18,6.61,11.8,1,-18,115.686,19,0.59,11.21,114.686,1
199,1.56,1.63,3.52,0.37,-1.52,16,40,14,-6,1.59,3.15,100,6,16.396,4,0.63,2.52,6.396000000000001,10
200,1.76,1.22,2.98,0.78,-0.98,81,27,12,6,0.44,2.2,9,-6,13.07,9,0.22,1.98,10.07,3
201,2.39,1.92,19.4,0.08,-17.4,400,40,22,18,16.93,19.32,4,-18,195.174,20,0.92,18.4,193.174,2
202,1.9,1.95,20.0,0.05,-18.0,400,140,27,13,18.05,19.95,49,-13,207.432,20,0.95,19.0,200.432,7
203,0.47,1.27,1.27,0.73,0.73,1,6,7,-5,0.07,0.54,36,5,6.276,1,0.27,0.27,0.2759999999999998,6
204,3.48,1.82,15.76,0.18,-13.76,324,0,18,18,12.1,15.58,0,-18,139.146,18,0.82,14.76,139.146,0
205,1.66,1.87,7.09,0.13,-5.09,49,77,18,-4,5.3,6.96,121,4,35.388,7,0.87,6.09,24.387999999999998,11
206,3.03,1.34,5.08,0.66,-3.08,144,108,21,3,1.39,4.42,81,-3,36.014,12,0.34,4.08,27.014000000000003,9
207,1.17,1.9,3.7,0.1,-1.7,9,27,12,-6,2.43,3.6,81,6,14.39,3,0.9,2.7,5.390000000000001,9
208,1.32,1.87,4.48,0.13,-2.48,16,64,20,-12,3.03,4.35,256,12,24.812,4,0.87,3.48,8.812000000000001,16
209,1.78,1.67,4.35,0.33,-2.35,25,30,11,-1,2.24,4.02,36,1,15.8,5,0.67,3.35,9.8,6
210,1.8,1.61,4.05,0.39,-2.05,25,5,6,4,1.86,3.66,1,-4,9.94,5,0.61,3.05,8.94,1
211,3.36,1.8,13.8,0.2,-11.8,256,160,26,6,10.24,13.6,100,-6,120.108,16,0.8,12.8,110.108,10
212,3.79,1.29,5.93,0.71,-3.93,289,289,34,0,1.43,5.22,289,0,61.59,17,0.29,4.93,44.59,17
213,2.04,1.55,4.3,0.45,-2.3,36,6,7,5,1.82,3.85,1,-5,12.662,6,0.55,3.3,11.662,1
214,2.78,1.55,5.95,0.45,-3.95,81,9,10,8,2.72,5.5,1,-8,26.046,9,0.55,4.95,25.046,1
215,4.04,1.78,15.82,0.22,-13.82,361,342,37,1,11.56,15.6,324,-1,165.454,19,0.78,14.82,147.454,18
216,2.52,1.6,5.8,0.4,-3.8,64,16,10,6,2.88,5.4,4,-6,23.714,8,0.6,4.8,21.714,2
217,1.95,1.92,13.88,0.08,-11.88,196,266,33,-5,11.85,13.8,361,5,115.854,14,0.92,12.88,96.854,19
218,5.09,1.43,9.17,0.57,-7.17,361,209,30,8,3.51,8.6,121,-8,91.336,19,0.43,8.17,80.336,11
219,1.04,1.21,2.05,0.79,-0.05,25,0,5,5,0.22,1.26,0,-5,3.068,5,0.21,1.05,3.068,0
220,2.54,1.33,4.3,0.67,-2.3,100,50,15,5,1.09,3.63,25,-5,23.534,10,0.33,3.3,18.534,5
221,2.5,1.5,5.0,0.5,-3.0,64,72,17,-1,2.0,4.5,81,1,27.016,8,0.5,4.0,18.016,9
222,0.1,1.05,1.05,0.95,0.95,1,3,4,-2,0.0,0.1,9,2,3.058,1,0.05,0.05,0.05799999999999983,3
223,0.58,1.23,1.46,0.77,0.54,4,16,10,-6,0.11,0.69,64,6,8.698,2,0.23,0.46,0.6980000000000004,8
224,1.73,1.91,10.1,0.09,-8.1,100,0,10,10,8.28,10.01,0,-10,49.74,10,0.91,9.1,49.74,0
225,0.64,1.4,1.4,0.6,0.6,1,10,11,-9,0.16,0.8,100,9,10.398,1,0.4,0.4,0.3979999999999997,10
226,3.38,1.65,8.8,0.35,-6.8,144,132,23,1,5.07,8.45,121,-1,61.65,12,0.65,7.8,50.65,11
227,1.7,1.24,2.92,0.76,-0.92,64,96,20,-4,0.46,2.16,144,4,20.898,8,0.24,1.92,8.898,12
228,1.55,1.87,6.22,0.13,-4.22,36,66,17,-5,4.54,6.09,121,5,29.282,6,0.87,5.22,18.282,11
229,0.8,1.35,1.7,0.65,0.3,4,40,22,-18,0.24,1.05,400,18,21.062,2,0.35,0.7,1.0620000000000012,20
230,2.55,1.91,19.2,0.09,-17.2,400,40,22,18,16.56,19.11,4,-18,191.924,20,0.91,18.2,189.924,2
231,3.01,1.59,6.9,0.41,-4.9,100,170,27,-7,3.48,6.49,289,7,49.612,10,0.59,5.9,32.612,17
232,4.62,1.71,14.49,0.29,-12.49,361,323,36,2,9.58,14.2,289,-2,151.014,19,0.71,13.49,134.014,17
233,1.55,1.56,3.24,0.44,-1.24,16,36,13,-5,1.25,2.8,81,5,14.474,4,0.56,2.24,5.474,9
234,0.97,1.16,1.96,0.84,0.04,36,36,12,0,0.15,1.12,36,0,9.408,6,0.16,0.96,3.4079999999999995,6
235,2.3,1.82,9.2,0.18,-7.2,100,70,17,3,6.72,9.02,49,-3,51.81,10,0.82,8.2,44.81,7
236,0.44,1.12,1.36,0.88,0.64,9,54,21,-15,0.04,0.48,324,15,18.58,3,0.12,0.36,0.5799999999999983,18
237,3.92,1.26,5.94,0.74,-3.94,361,342,37,1,1.28,5.2,324,-1,67.278,19,0.26,4.94,49.278000000000006,18
238,1.1,1.39,2.17,0.61,-0.17,9,57,22,-16,0.46,1.56,361,16,21.328,3,0.39,1.17,2.3279999999999994,19
239,1.31,1.75,3.25,0.25,-1.25,9,30,13,-7,1.69,3.0,100,7,14.526,3,0.75,2.25,4.526,10
240,0.94,1.75,1.75,0.25,0.25,1,6,7,-5,0.56,1.5,36,5,6.762,1,0.75,0.75,0.7619999999999996,6
241,5.4,1.6,13.0,0.4,-11.0,400,120,26,14,7.2,12.6,36,-14,131.76,20,0.6,12.0,125.75999999999999,6
242,1.75,1.7,4.5,0.3,-2.5,25,45,14,-4,2.45,4.2,81,4,19.38,5,0.7,3.5,10.379999999999999,9
243,0.86,1.27,1.81,0.73,0.19,9,48,19,-13,0.22,1.08,256,13,17.606,3,0.27,0.81,1.6060000000000016,16
244,3.23,1.61,7.71,0.39,-5.71,121,33,14,8,4.09,7.32,9,-8,43.762,11,0.61,6.71,40.762,3
245,1.18,1.07,2.19,0.93,-0.19,289,238,31,3,0.08,1.26,196,-3,24.774,17,0.07,1.19,10.774000000000001,14
246,1.98,1.48,3.88,0.52,-1.88,36,84,20,-8,1.38,3.36,196,8,24.166,6,0.48,2.88,10.166,14
247,0.68,1.28,1.56,0.72,0.44,4,22,13,-9,0.16,0.84,121,9,11.826,2,0.28,0.56,0.8260000000000005,11
248,1.42,1.22,2.54,0.78,-0.54,49,49,14,0,0.34,1.76,49,0,12.874,7,0.22,1.54,5.8740000000000006,7
249,2.68,1.66,6.94,0.34,-4.94,81,54,15,3,3.92,6.6,36,-3,35.812,9,0.66,5.94,29.811999999999998,6
250,1.44,1.9,6.4,0.1,-4.4,36,72,18,-6,4.86,6.3,144,6,30.94,6,0.9,5.4,18.94,12
251,0.72,1.47,1.47,0.53,0.53,1,10,11,-9,0.22,0.94,100,9,10.496,1,0.47,0.47,0.49600000000000044,10
252,3.13,1.76,10.88,0.24,-8.88,169,117,22,4,7.51,10.64,81,-4,78.744,13,0.76,9.88,69.744,9
253,4.13,1.77,15.63,0.23,-13.63,361,133,26,12,11.27,15.4,49,-12,154.474,19,0.77,14.63,147.474,7
254,1.22,1.26,2.3,0.74,-0.3,25,100,25,-15,0.34,1.56,400,15,24.126,5,0.26,1.3,4.126000000000001,20
255,1.07,1.12,2.08,0.88,-0.08,81,162,27,-9,0.13,1.2,324,9,23.146,9,0.12,1.08,5.146000000000001,18
256,2.37,1.42,4.36,0.58,-2.36,64,80,18,-2,1.41,3.78,100,2,25.688,8,0.42,3.36,15.687999999999999,10
257,4.98,1.57,11.26,0.43,-9.26,324,108,24,12,5.85,10.83,36,-12,102.306,18,0.57,10.26,96.306,6
258,1.9,1.1,3.0,0.9,-1.0,400,220,31,9,0.2,2.1,121,-9,32.414,20,0.1,2.0,21.414,11
259,1.62,1.85,6.1,0.15,-4.1,36,24,10,2,4.33,5.95,16,-2,21.948,6,0.85,5.1,17.948,4
260,0.19,1.1,1.1,0.9,0.9,1,8,9,-7,0.01,0.2,64,7,8.1,1,0.1,0.1,0.09999999999999964,8
261,1.32,1.87,4.48,0.13,-2.48,16,64,20,-12,3.03,4.35,256,12,24.664,4,0.87,3.48,8.664000000000001,16
262,1.87,1.85,7.8,0.15,-5.8,64,48,14,2,5.78,7.65,36,-2,36.698,8,0.85,6.8,30.698,6
263,3.62,1.25,5.5,0.75,-3.5,324,360,38,-2,1.12,4.75,400,2,63.972,18,0.25,4.5,43.972,20
264,1.53,1.53,3.12,0.47,-1.12,16,44,15,-7,1.12,2.65,121,7,16.162,4,0.53,2.12,5.161999999999999,11
265,1.14,1.95,4.8,0.05,-2.8,16,52,17,-9,3.61,4.75,169,9,22.516,4,0.95,3.8,9.515999999999998,13
266,1.53,1.53,3.12,0.47,-1.12,16,44,15,-7,1.12,2.65,121,7,16.05,4,0.53,2.12,5.050000000000001,11
267,1.86,1.41,3.46,0.59,-1.46,36,102,23,-11,1.01,2.87,289,11,25.632,6,0.41,2.46,8.632000000000001,17
268,1.56,1.65,3.6,0.35,-1.6,16,44,15,-7,1.69,3.25,121,7,17.548,4,0.65,2.6,6.547999999999998,11
269,1.15,1.09,2.17,0.91,-0.17,169,13,14,12,0.11,1.26,1,-12,8.932,13,0.09,1.17,7.932,1
270,0.89,1.11,1.88,0.89,0.12,64,48,14,2,0.1,0.99,36,-2,9.866,8,0.11,0.88,3.8659999999999997,6
271,3.59,1.42,6.46,0.58,-4.46,169,78,19,7,2.29,5.88,36,-7,43.966,13,0.42,5.46,37.966,6
272,1.7,1.46,3.3,0.54,-1.3,25,60,17,-7,1.06,2.76,144,7,18.996,5,0.46,2.3,6.995999999999999,12
273,0.91,1.1,1.9,0.9,0.1,81,99,20,-2,0.09,1.0,121,2,15.588,9,0.1,0.9,4.587999999999999,11
274,4.65,1.61,11.37,0.39,-9.37,289,51,20,14,6.33,10.98,9,-14,96.57,17,0.61,10.37,93.57,3
275,1.07,1.12,2.08,0.88,-0.08,81,99,20,-2,0.13,1.2,121,2,16.58,9,0.12,1.08,5.579999999999998,11
276,4.37,1.31,6.89,0.69,-4.89,361,152,27,11,1.83,6.2,64,-11,67.428,19,0.31,5.89,59.428,8
277,2.68,1.45,5.05,0.55,-3.05,81,0,9,9,1.82,4.5,0,-9,20.74,9,0.45,4.05,20.74,0
278,0.41,1.23,1.23,0.77,0.77,1,16,17,-15,0.05,0.46,256,15,16.24,1,0.23,0.23,0.23999999999999844,16
279,2.71,1.47,5.23,0.53,-3.23,81,162,27,-9,1.99,4.7,324,9,38.572,9,0.47,4.23,20.572000000000003,18
280,2.52,1.83,10.96,0.17,-8.96,144,72,18,6,8.27,10.79,36,-6,70.832,12,0.83,9.96,64.832,6
281,1.0,1.5,2.0,0.5,0.0,4,10,7,-3,0.5,1.5,25,3,6.484,2,0.5,1.0,1.484,5
282,1.19,1.11,2.21,0.89,-0.21,121,110,21,1,0.13,1.32,100,-1,17.188,11,0.11,1.21,7.187999999999999,10
283,1.71,1.95,16.2,0.05,-14.2,256,256,32,0,14.44,16.15,256,0,145.164,16,0.95,15.2,129.164,16
284,1.76,1.8,5.8,0.2,-3.8,36,36,12,0,3.84,5.6,36,0,22.97,6,0.8,4.8,16.97,6
285,1.82,1.86,7.88,0.14,-5.88,64,128,24,-8,5.92,7.74,256,8,47.252,8,0.86,6.88,31.252000000000002,16
286,1.8,1.61,4.05,0.39,-2.05,25,0,5,5,1.86,3.66,0,-5,9.022,5,0.61,3.05,9.022,0
287,0.54,1.32,1.32,0.68,0.68,1,15,16,-14,0.1,0.64,225,14,15.304,1,0.32,0.32,0.30400000000000027,15
288,1.83,1.88,8.92,0.12,-6.92,81,126,23,-5,6.97,8.8,196,5,53.33,9,0.88,7.92,39.33,14
289,1.04,1.54,2.08,0.46,-0.08,4,20,12,-8,0.58,1.62,100,8,11.602,2,0.54,1.08,1.6020000000000003,10
290,2.04,1.81,7.48,0.19,-5.48,64,80,18,-2,5.25,7.29,100,2,38.992,8,0.81,6.48,28.991999999999997,10
291,1.32,1.09,2.35,0.91,-0.35,225,255,32,-2,0.12,1.44,289,2,28.174,15,0.09,1.35,11.174,17
292,2.85,1.16,4.2,0.84,-2.2,400,280,34,6,0.51,3.36,196,-6,48.478,20,0.16,3.2,34.478,14
293,4.56,1.42,8.14,0.58,-6.14,289,51,20,14,3.0,7.56,9,-14,69.086,17,0.42,7.14,66.086,3
294,0.88,1.17,1.85,0.83,0.15,25,90,23,-13,0.14,1.02,324,13,20.584,5,0.17,0.85,2.5839999999999996,18
295,3.44,1.25,5.25,0.75,-3.25,289,323,36,-2,1.06,4.5,361,2,57.206,17,0.25,4.25,38.206,19
296,1.11,1.19,2.14,0.81,-0.14,36,12,8,4,0.22,1.33,4,-4,6.098,6,0.19,1.14,4.098,2
297,5.5,1.55,12.0,0.45,-10.0,400,220,31,9,6.05,11.55,121,-9,126.792,20,0.55,11.0,115.792,11
298,1.15,1.24,2.2,0.76,-0.2,25,25,10,0,0.29,1.44,25,0,8.714,5,0.24,1.2,3.7140000000000004,5
299,4.15,1.72,13.24,0.28,-11.24,289,17,18,16,8.81,12.96,1,-16,110.788,17,0.72,12.24,109.788,1
300,1.17,1.31,2.24,0.69,-0.24,16,44,15,-7,0.38,1.55,121,7,14.036,4,0.31,1.24,3.0359999999999996,11
301,1.83,1.14,2.96,0.86,-0.96,196,56,18,10,0.27,2.1,16,-10,18.386,14,0.14,1.96,14.386,4
302,3.87,1.64,9.96,0.36,-7.96,196,28,16,12,5.73,9.6,4,-12,69.082,14,0.64,8.96,67.082,2
303,2.9,1.77,10.24,0.23,-8.24,144,240,32,-8,7.11,10.01,400,8,80.406,12,0.77,9.24,60.406000000000006,20
304,3.89,1.63,9.82,0.37,-7.82,196,14,15,13,5.56,9.45,1,-13,67.86,14,0.63,8.82,66.86,1
305,1.1,1.16,2.12,0.84,-0.12,49,35,12,2,0.18,1.28,25,-2,9.788,7,0.16,1.12,4.788,5
306,1.09,1.28,2.12,0.72,-0.12,16,16,8,0,0.31,1.4,16,0,6.804,4,0.28,1.12,2.8040000000000003,4
307,2.51,1.85,12.05,0.15,-10.05,169,13,14,12,9.39,11.9,1,-12,78.378,13,0.85,11.05,77.378,1
308,2.99,1.49,5.9,0.51,-3.9,100,140,24,-4,2.4,5.39,196,4,40.808,10,0.49,4.9,26.808,14
309,4.56,1.42,8.14,0.58,-6.14,289,170,27,7,3.0,7.56,100,-7,75.036,17,0.42,7.14,65.036,10
310,3.31,1.35,5.55,0.65,-3.55,169,0,13,13,1.59,4.9,0,-13,32.168,13,0.35,4.55,32.168,0
311,4.04,1.78,15.82,0.22,-13.82,361,380,39,-1,11.56,15.6,400,1,168.81,19,0.78,14.82,148.81,20
312,2.22,1.91,15.56,0.09,-13.56,256,16,17,15,13.25,15.47,1,-15,124.48,16,0.91,14.56,123.48,1
313,1.89,1.81,6.67,0.19,-4.67,49,140,27,-13,4.59,6.48,400,13,42.408,7,0.81,5.67,22.408,20
314,3.48,1.39,6.07,0.61,-4.07,169,195,28,-2,1.98,5.46,225,2,49.996,13,0.39,5.07,34.996,15
315,2.47,1.37,4.33,0.63,-2.33,81,0,9,9,1.23,3.7,0,-9,16.07,9,0.37,3.33,16.07,0
316,4.45,1.32,7.08,0.68,-5.08,361,304,35,3,1.95,6.4,256,-3,77.754,19,0.32,6.08,61.754000000000005,16
317,5.25,1.64,13.8,0.36,-11.8,400,180,29,11,8.19,13.44,81,-11,142.692,20,0.64,12.8,133.692,9
318,4.83,1.71,15.2,0.29,-13.2,400,80,24,16,10.08,14.91,16,-16,153.25,20,0.71,14.2,149.25,4
319,1.41,1.32,2.6,0.68,-0.6,25,0,5,5,0.51,1.92,0,-5,4.822,5,0.32,1.6,4.822,0
320,2.31,1.14,3.52,0.86,-1.52,324,342,37,-1,0.35,2.66,361,1,43.874,18,0.14,2.52,24.874000000000002,19
321,1.12,1.79,2.58,0.21,-0.58,4,36,20,-16,1.25,2.37,324,16,20.342,2,0.79,1.58,2.3419999999999987,18
322,1.15,1.09,2.17,0.91,-0.17,169,182,27,-1,0.11,1.26,196,1,22.284,13,0.09,1.17,8.283999999999999,14
323,1.77,1.52,3.6,0.48,-1.6,25,55,16,-6,1.35,3.12,121,6,18.506,5,0.52,2.6,7.506,11
324,1.47,1.47,2.88,0.53,-0.88,16,60,19,-11,0.88,2.35,225,11,19.594,4,0.47,1.88,4.594000000000001,15
325,1.12,1.4,2.2,0.6,-0.2,9,51,20,-14,0.48,1.6,289,14,19.38,3,0.4,1.2,2.379999999999999,17
326,3.42,1.27,5.32,0.73,-3.32,256,304,35,-3,1.17,4.59,361,3,55.234,16,0.27,4.32,36.234,19
327,3.75,1.75,13.0,0.25,-11.0,256,112,23,9,9.0,12.75,49,-9,109.098,16,0.75,12.0,102.098,7
328,3.53,1.26,5.42,0.74,-3.42,289,153,26,8,1.15,4.68,81,-8,48.712,17,0.26,4.42,39.712,9
329,1.53,1.71,3.84,0.29,-1.84,16,0,4,4,2.02,3.55,0,-4,7.108,4,0.71,2.84,7.108,0
330,5.5,1.5,11.0,0.5,-9.0,400,220,31,9,5.0,10.5,121,-9,115.892,20,0.5,10.0,104.892,11
331,2.1,1.33,3.64,0.67,-1.64,64,128,24,-8,0.87,2.97,256,8,28.1,8,0.33,2.64,12.100000000000001,16
332,3.77,1.54,8.02,0.46,-6.02,169,78,19,7,3.79,7.56,36,-7,55.372,13,0.54,7.02,49.372,6
333,0.72,1.3,1.6,0.7,0.4,4,24,14,-10,0.18,0.9,144,10,12.894,2,0.3,0.6,0.8940000000000001,12
334,3.34,1.26,5.16,0.74,-3.16,256,32,18,14,1.08,4.42,4,-14,37.408,16,0.26,4.16,35.408,2
335,2.4,1.76,7.84,0.24,-5.84,81,162,27,-9,5.2,7.6,324,9,53.026,9,0.76,6.84,35.026,18
336,4.72,1.58,10.86,0.42,-8.86,289,102,23,11,5.72,10.44,36,-11,95.418,17,0.58,9.86,89.418,6
337,3.92,1.45,7.3,0.55,-5.3,196,280,34,-6,2.83,6.75,400,6,67.634,14,0.45,6.3,47.634,20
338,4.9,1.45,9.1,0.55,-7.1,324,162,27,9,3.65,8.55,81,-9,85.284,18,0.45,8.1,76.284,9
339,3.13,1.43,5.73,0.57,-3.73,121,209,30,-8,2.03,5.16,361,8,46.56,11,0.43,4.73,27.560000000000002,19
340,2.7,1.37,4.7,0.63,-2.7,100,30,13,7,1.37,4.07,9,-7,24.688,10,0.37,3.7,21.688,3
341,1.48,1.77,4.08,0.23,-2.08,16,24,10,-2,2.37,3.85,36,2,13.698,4,0.77,3.08,7.698,6
342,2.27,1.62,5.34,0.38,-3.34,49,7,8,6,2.69,4.96,1,-6,18.174,7,0.62,4.34,17.174,1
343,2.78,1.79,10.48,0.21,-8.48,144,204,29,-5,7.49,10.27,289,5,78.334,12,0.79,9.48,61.334,17
344,1.09,1.95,3.85,0.05,-1.85,9,42,17,-11,2.71,3.8,196,11,19.742,3,0.95,2.85,5.742000000000001,14
345,2.1,1.83,8.47,0.17,-6.47,81,63,16,2,6.2,8.3,49,-2,44.52,9,0.83,7.47,37.52,7
346,1.07,1.12,2.08,0.88,-0.08,81,180,29,-11,0.13,1.2,400,11,25.258,9,0.12,1.08,5.257999999999999,20
347,2.34,1.87,12.31,0.13,-10.31,169,234,31,-5,9.84,12.18,324,5,97.446,13,0.87,11.31,79.446,18
348,1.71,1.93,12.16,0.07,-10.16,144,72,18,6,10.38,12.09,36,-6,78.652,12,0.93,11.16,72.652,6
349,3.75,1.75,13.0,0.25,-11.0,256,48,19,13,9.0,12.75,9,-13,105.876,16,0.75,12.0,102.876,3
350,3.03,1.86,16.48,0.14,-14.48,324,36,20,16,13.31,16.34,4,-16,148.016,18,0.86,15.48,146.016,2
351,3.73,1.31,5.96,0.69,-3.96,256,224,30,2,1.54,5.27,196,-2,56.588,16,0.31,4.96,42.588,14
352,2.78,1.56,6.04,0.44,-4.04,81,81,18,0,2.82,5.6,81,0,34.08,9,0.56,5.04,25.08,9
353,0.62,1.14,1.56,0.86,0.44,16,52,17,-9,0.08,0.7,169,9,14.412,4,0.14,0.56,1.4120000000000008,13
354,0.65,1.12,1.6,0.88,0.4,25,60,17,-7,0.07,0.72,144,7,13.708,5,0.12,0.6,1.7080000000000002,12
355,4.39,1.62,10.92,0.38,-8.92,256,128,24,8,6.15,10.54,64,-8,92.188,16,0.62,9.92,84.188,8
356,1.19,1.93,4.72,0.07,-2.72,16,64,20,-12,3.46,4.65,256,12,25.37,4,0.93,3.72,9.370000000000001,16
357,3.89,1.81,17.2,0.19,-15.2,400,320,36,4,13.12,17.01,256,-4,186.744,20,0.81,16.2,170.744,16
358,1.79,1.38,3.28,0.62,-1.28,36,102,23,-11,0.87,2.66,289,11,25.054,6,0.38,2.28,8.053999999999998,17
359,2.57,1.88,15.08,0.12,-13.08,256,64,20,12,12.39,14.96,16,-12,123.216,16,0.88,14.08,119.216,4
360,0.9,1.69,1.69,0.31,0.31,1,1,2,0,0.48,1.38,1,0,1.682,1,0.69,0.69,0.6819999999999999,1
361,2.43,1.14,3.66,0.86,-1.66,361,247,32,6,0.37,2.8,169,-6,38.834,19,0.14,2.66,25.834000000000003,13
362,0.92,1.71,1.71,0.29,0.29,1,4,5,-3,0.5,1.42,16,3,4.69,1,0.71,0.71,0.6900000000000004,4
363,2.66,1.67,7.03,0.33,-5.03,81,9,10,8,4.04,6.7,1,-8,31.228,9,0.67,6.03,30.228,1
364,2.06,1.39,3.73,0.61,-1.73,49,35,12,2,1.06,3.12,25,-2,15.738,7,0.39,2.73,10.738,5
365,1.06,1.57,2.14,0.43,-0.14,4,14,9,-5,0.65,1.71,49,5,8.748,2,0.57,1.14,1.7479999999999993,7
366,3.94,1.46,7.44,0.54,-5.44,196,28,16,12,2.96,6.9,4,-12,49.302,14,0.46,6.44,47.302,2
367,2.41,1.44,4.52,0.56,-2.52,64,120,23,-7,1.55,3.96,225,7,30.982,8,0.44,3.52,15.982,15
368,2.88,1.25,4.5,0.75,-2.5,196,168,26,2,0.88,3.75,144,-2,38.794,14,0.25,3.5,26.793999999999997,12
369,1.44,1.92,7.44,0.08,-5.44,49,28,11,3,5.92,7.36,16,-3,29.9,7,0.92,6.44,25.9,4
370,1.31,1.75,3.25,0.25,-1.25,9,0,3,3,1.69,3.0,0,-3,4.404,3,0.75,2.25,4.404,0
371,5.2,1.47,9.93,0.53,-7.93,361,266,33,5,4.2,9.4,196,-5,102.96,19,0.47,8.93,88.96,14
372,2.3,1.91,16.47,0.09,-14.47,289,153,26,8,14.08,16.38,81,-8,148.966,17,0.91,15.47,139.966,9
373,0.82,1.58,1.58,0.42,0.42,1,3,4,-2,0.34,1.16,9,2,3.564,1,0.58,0.58,0.5640000000000001,3
374,4.16,1.45,7.75,0.55,-5.75,225,225,30,0,3.04,7.2,225,0,68.26,15,0.45,6.75,53.260000000000005,15
375,2.08,1.8,7.4,0.2,-5.4,64,104,21,-5,5.12,7.2,169,5,42.374,8,0.8,6.4,29.374000000000002,13
376,1.55,1.58,3.32,0.42,-1.32,16,68,21,-13,1.35,2.9,289,13,22.762,4,0.58,2.32,5.7620000000000005,17
377,2.9,1.28,4.64,0.72,-2.64,169,65,18,8,1.02,3.92,25,-8,30.148,13,0.28,3.64,25.148,5
378,3.31,1.35,5.55,0.65,-3.55,169,143,24,2,1.59,4.9,121,-2,42.826,13,0.35,4.55,31.826,11
379,4.74,1.57,10.69,0.43,-8.69,289,306,35,-1,5.52,10.26,324,1,105.32,17,0.57,9.69,87.32,18
380,0.97,1.32,1.96,0.68,0.04,9,3,4,2,0.31,1.28,1,-2,3.088,3,0.32,0.96,2.088,1
381,2.72,1.8,10.6,0.2,-8.6,144,132,23,1,7.68,10.4,121,-1,73.22,12,0.8,9.6,62.22,11
382,4.24,1.4,7.4,0.6,-5.4,256,288,34,-2,2.56,6.8,324,2,71.606,16,0.4,6.4,53.605999999999995,18
383,1.16,1.2,2.2,0.8,-0.2,36,102,23,-11,0.24,1.4,289,11,20.862,6,0.2,1.2,3.8619999999999983,17
384,3.8,1.32,6.12,0.68,-4.12,256,128,24,8,1.64,5.44,64,-8,51.222,16,0.32,5.12,43.222,8
385,4.41,1.76,16.2,0.24,-14.2,400,320,36,4,11.55,15.96,256,-4,174.76,20,0.76,15.2,158.76,16
386,4.12,1.75,14.5,0.25,-12.5,324,144,26,10,10.12,14.25,64,-10,135.556,18,0.75,13.5,127.55600000000001,8
387,2.79,1.24,4.36,0.76,-2.36,196,154,25,3,0.81,3.6,121,-3,37.786,14,0.24,3.36,26.786,11
388,1.05,1.36,2.08,0.64,-0.08,9,57,22,-16,0.39,1.44,361,16,21.368,3,0.36,1.08,2.3679999999999986,19
389,0.88,1.66,1.66,0.34,0.34,1,4,5,-3,0.44,1.32,16,3,4.638,1,0.66,0.66,0.6379999999999999,4
390,1.11,1.94,3.82,0.06,-1.82,9,54,21,-15,2.65,3.76,324,15,23.654,3,0.94,2.82,5.654,18
391,3.73,1.31,5.96,0.69,-3.96,256,112,23,9,1.54,5.27,49,-9,48.604,16,0.31,4.96,41.604,7
392,1.12,1.71,2.42,0.29,-0.42,4,34,19,-15,1.01,2.13,289,15,19.142,2,0.71,1.42,2.1419999999999995,17
393,1.54,1.83,5.15,0.17,-3.15,25,95,24,-14,3.44,4.98,361,14,31.46,5,0.83,4.15,12.46,19
394,0.27,1.07,1.21,0.93,0.79,9,54,21,-15,0.01,0.28,324,15,18.4,3,0.07,0.21,0.3999999999999986,18
395,2.04,1.6,4.6,0.4,-2.6,36,120,26,-14,2.16,4.2,400,14,32.636,6,0.6,3.6,12.636000000000003,20
396,1.6,1.12,2.68,0.88,-0.68,196,56,18,10,0.2,1.8,16,-10,16.578,14,0.12,1.68,12.578,4
397,1.74,1.49,3.45,0.51,-1.45,25,85,22,-12,1.2,2.94,289,12,24.158,5,0.49,2.45,7.158000000000001,17
398,5.02,1.64,13.16,0.36,-11.16,361,228,31,7,7.78,12.8,144,-7,133.326,19,0.64,12.16,121.326,12
399,0.99,1.09,1.99,0.91,0.01,121,22,13,9,0.09,1.08,4,-9,8.106,11,0.09,0.99,6.106,2
400,0.21,1.11,1.11,0.89,0.89,1,13,14,-12,0.01,0.22,169,12,13.128,1,0.11,0.11,0.1280000000000001,13
401,1.29,1.55,2.65,0.45,-0.65,9,0,3,3,0.91,2.2,0,-3,3.172,3,0.55,1.65,3.172,0
402,0.4,1.15,1.3,0.85,0.7,4,8,6,-2,0.04,0.45,16,2,4.466,2,0.15,0.3,0.4660000000000002,4
403,2.04,1.61,4.66,0.39,-2.66,36,114,25,-13,2.23,4.27,361,13,31.794,6,0.61,3.66,12.794,19
404,1.66,1.95,15.25,0.05,-13.25,225,240,31,-1,13.54,15.2,256,1,130.552,15,0.95,14.25,114.55199999999999,16
405,0.87,1.21,1.84,0.79,0.16,16,52,17,-9,0.18,1.05,169,9,15.042,4,0.21,0.84,2.042,13
406,2.48,1.48,4.84,0.52,-2.84,64,40,13,3,1.84,4.32,25,-3,22.67,8,0.48,3.84,17.67,5
407,4.33,1.37,7.29,0.63,-5.29,289,238,31,3,2.33,6.66,196,-3,71.748,17,0.37,6.29,57.748000000000005,14
408,2.43,1.36,4.24,0.64,-2.24,81,126,23,-5,1.17,3.6,196,5,29.942,9,0.36,3.24,15.942,14
409,2.1,1.92,15.72,0.08,-13.72,256,48,19,13,13.54,15.64,9,-13,128.178,16,0.92,14.72,125.178,3
410,3.07,1.77,11.01,0.23,-9.01,169,13,14,12,7.71,10.78,1,-12,70.798,13,0.77,10.01,69.798,1
411,4.51,1.54,9.64,0.46,-7.64,256,144,25,7,4.67,9.18,81,-7,83.234,16,0.54,8.64,74.234,9
412,1.19,1.11,2.21,0.89,-0.21,121,33,14,8,0.13,1.32,9,-8,10.34,11,0.11,1.21,7.34,3
413,0.44,1.12,1.36,0.88,0.64,9,6,5,1,0.04,0.48,4,-1,2.762,3,0.12,0.36,0.762,2
414,1.94,1.88,9.8,0.12,-7.8,100,170,27,-7,7.74,9.68,289,7,65.474,10,0.88,8.8,48.474000000000004,17
415,2.5,1.62,5.96,0.38,-3.96,64,8,9,7,3.08,5.58,1,-7,23.152,8,0.62,4.96,22.152,1
416,3.91,1.28,6.04,0.72,-4.04,324,72,22,14,1.41,5.32,16,-14,50.32,18,0.28,5.04,46.32,4
417,2.24,1.65,5.55,0.35,-3.55,49,56,15,-1,2.96,5.2,64,1,26.292,7,0.65,4.55,18.292,8
418,2.36,1.34,4.06,0.66,-2.06,81,72,17,1,1.04,3.4,64,-1,23.658,9,0.34,3.06,15.658000000000001,8
419,2.61,1.3,4.3,0.7,-2.3,121,22,13,9,0.99,3.6,4,-9,21.924,11,0.3,3.3,19.924,2
420,0.76,1.32,1.64,0.68,0.36,4,10,7,-3,0.2,0.96,25,3,5.968,2,0.32,0.64,0.968,5
421,4.5,1.75,16.0,0.25,-14.0,400,240,32,8,11.25,15.75,144,-8,169.696,20,0.75,15.0,157.696,12
422,3.0,1.6,7.0,0.4,-5.0,100,180,28,-8,3.6,6.6,324,8,51.77,10,0.6,6.0,33.77,18
423,3.54,1.72,11.08,0.28,-9.08,196,70,19,9,7.26,10.8,25,-9,80.212,14,0.72,10.08,75.212,5
424,1.31,1.75,3.25,0.25,-1.25,9,6,5,1,1.69,3.0,4,-1,6.454,3,0.75,2.25,4.454,2
425,1.66,1.43,3.15,0.57,-1.15,25,55,16,-6,0.92,2.58,121,6,17.418,5,0.43,2.15,6.417999999999999,11
426,1.49,1.85,5.25,0.15,-3.25,25,55,16,-6,3.61,5.1,121,6,23.78,5,0.85,4.25,12.780000000000001,11
427,1.99,1.26,3.34,0.74,-1.34,81,162,27,-9,0.61,2.6,324,9,29.834,9,0.26,2.34,11.834,18
428,2.72,1.84,12.76,0.16,-10.76,196,224,30,-2,9.88,12.6,256,2,104.24,14,0.84,11.76,88.24,16
429,1.56,1.25,2.75,0.75,-0.75,49,70,17,-3,0.44,2.0,100,3,16.888,7,0.25,1.75,6.888000000000002,10
430,4.6,1.68,13.24,0.32,-11.24,324,270,33,3,8.32,12.92,225,-3,131.69,18,0.68,12.24,116.69,15
431,2.64,1.85,12.9,0.15,-10.9,196,210,29,-1,10.11,12.75,225,1,104.286,14,0.85,11.9,89.286,15
432,1.62,1.88,7.16,0.12,-5.16,49,140,27,-13,5.42,7.04,400,13,44.558,7,0.88,6.16,24.558,20
433,2.04,1.19,3.28,0.81,-1.28,144,48,16,8,0.43,2.47,16,-8,19.002,12,0.19,2.28,15.001999999999999,4
434,2.06,1.32,3.56,0.68,-1.56,64,88,19,-3,0.82,2.88,121,3,23.096,8,0.32,2.56,12.096,11
435,1.56,1.63,3.52,0.37,-1.52,16,20,9,-1,1.59,3.15,25,1,11.564,4,0.63,2.52,6.564,5
436,1.58,1.93,10.3,0.07,-8.3,100,150,25,-5,8.65,10.23,225,5,65.974,10,0.93,9.3,50.974000000000004,15
437,0.86,1.62,1.62,0.38,0.38,1,1,2,0,0.38,1.24,1,0,1.622,1,0.62,0.62,0.6220000000000001,1
438,2.79,1.22,4.3,0.78,-2.3,225,195,28,2,0.73,3.52,169,-2,39.038,15,0.22,3.3,26.037999999999997,13
439,1.1,1.39,2.17,0.61,-0.17,9,48,19,-13,0.46,1.56,256,13,18.268,3,0.39,1.17,2.2680000000000007,16
440,3.8,1.32,6.12,0.68,-4.12,256,288,34,-2,1.64,5.44,324,2,59.754,16,0.32,5.12,41.754,18
441,2.4,1.35,4.15,0.65,-2.15,81,171,28,-10,1.1,3.5,361,10,34.516,9,0.35,3.15,15.515999999999998,19
442,4.02,1.55,8.7,0.45,-6.7,196,98,21,7,4.24,8.25,49,-7,64.676,14,0.55,7.7,57.676,7
443,0.43,1.05,1.4,0.95,0.6,64,56,15,1,0.02,0.45,49,-1,8.618,8,0.05,0.4,1.6180000000000003,7
444,2.04,1.56,4.36,0.44,-2.36,36,114,25,-13,1.88,3.92,361,13,30.7,6,0.56,3.36,11.7,19
445,1.07,1.09,2.08,0.91,-0.08,144,240,32,-8,0.1,1.17,400,8,27.082,12,0.09,1.08,7.082000000000001,20
446,3.01,1.59,6.9,0.41,-4.9,100,200,30,-10,3.48,6.49,400,10,52.158,10,0.59,5.9,32.158,20
447,3.53,1.84,17.8,0.16,-15.8,400,360,38,2,14.11,17.64,324,-2,194.572,20,0.84,16.8,176.572,18
448,3.87,1.33,6.28,0.67,-4.28,256,0,16,16,1.74,5.61,0,-16,46.19,16,0.33,5.28,46.19,0
449,2.7,1.9,19.0,0.1,-17.0,400,360,38,2,16.2,18.9,324,-2,207.418,20,0.9,18.0,189.418,18
450,3.27,1.19,4.8,0.81,-2.8,400,360,38,2,0.72,3.99,324,-2,58.562,20,0.19,3.8,40.562,18
451,2.67,1.86,13.9,0.14,-11.9,225,240,31,-1,11.09,13.76,256,1,118.874,15,0.86,12.9,102.874,16
452,0.62,1.25,1.5,0.75,0.5,4,6,5,-1,0.12,0.75,9,1,3.798,2,0.25,0.5,0.798,3
453,4.49,1.57,10.12,0.43,-8.12,256,240,31,1,5.2,9.69,225,-1,92.664,16,0.57,9.12,77.664,15
454,2.19,1.3,3.7,0.7,-1.7,81,36,13,5,0.81,3.0,16,-5,17.308,9,0.3,2.7,13.308,4
455,4.72,1.4,8.2,0.6,-6.2,324,216,30,6,2.88,7.6,144,-6,81.788,18,0.4,7.2,69.788,12
456,1.55,1.15,2.65,0.85,-0.65,121,110,21,1,0.25,1.8,100,-1,19.694,11,0.15,1.65,9.693999999999999,10
457,4.54,1.69,13.42,0.31,-11.42,324,216,30,6,8.57,13.11,144,-6,129.02,18,0.69,12.42,117.02000000000001,12
458,4.27,1.53,8.95,0.47,-6.95,225,90,21,9,4.21,8.48,36,-9,69.056,15,0.53,7.95,63.056,6
459,1.91,1.93,14.95,0.07,-12.95,225,180,27,3,12.97,14.88,144,-3,123.434,15,0.93,13.95,111.434,12
460,2.98,1.33,4.96,0.67,-2.96,144,96,20,4,1.31,4.29,64,-4,33.984,12,0.33,3.96,25.984,8
461,2.66,1.74,8.4,0.26,-6.4,100,10,11,9,5.48,8.14,1,-9,42.536,10,0.74,7.4,41.536,1
462,1.44,1.92,7.44,0.08,-5.44,49,105,22,-8,5.92,7.36,225,8,40.778,7,0.92,6.44,25.778,15
463,3.29,1.73,10.49,0.27,-8.49,169,65,18,8,6.93,10.22,25,-8,70.348,13,0.73,9.49,65.348,5
464,0.96,1.8,1.8,0.2,0.2,1,4,5,-3,0.64,1.6,16,3,4.826,1,0.8,0.8,0.8259999999999996,4
465,3.65,1.83,17.6,0.17,-15.6,400,160,28,12,13.78,17.43,64,-12,181.928,20,0.83,16.6,173.928,8
466,4.41,1.29,6.8,0.71,-4.8,400,300,35,5,1.68,6.09,225,-5,76.022,20,0.29,5.8,61.022000000000006,15
467,1.51,1.74,3.96,0.26,-1.96,16,20,9,-1,2.19,3.7,25,1,12.506,4,0.74,2.96,7.506,5
468,3.34,1.72,10.36,0.28,-8.36,169,156,25,1,6.74,10.08,144,-1,77.454,13,0.72,9.36,65.454,12
469,5.51,1.53,11.6,0.47,-9.6,400,340,37,3,5.62,11.13,289,-3,128.262,20,0.53,10.6,111.262,17
470,1.18,1.44,2.32,0.56,-0.32,9,42,17,-11,0.58,1.76,196,11,16.622,3,0.44,1.32,2.622,14
471,1.97,1.69,5.14,0.31,-3.14,36,120,26,-14,2.86,4.83,400,14,34.15,6,0.69,4.14,14.149999999999999,20
472,4.62,1.38,7.84,0.62,-5.84,324,144,26,10,2.6,7.22,64,-10,72.672,18,0.38,6.84,64.672,8
473,2.9,1.44,5.4,0.56,-3.4,100,190,29,-9,1.94,4.84,361,9,43.856,10,0.44,4.4,24.856,19
474,1.38,1.31,2.55,0.69,-0.55,25,65,18,-8,0.48,1.86,169,8,17.57,5,0.31,1.55,4.57,13
475,1.19,1.06,2.2,0.94,-0.2,400,320,36,4,0.07,1.26,256,-4,28.02,20,0.06,1.2,12.02,16
476,0.19,1.05,1.15,0.95,0.85,9,39,16,-10,0.01,0.2,169,10,13.284,3,0.05,0.15,0.2840000000000007,13
477,2.76,1.33,4.63,0.67,-2.63,121,11,12,10,1.2,3.96,1,-10,21.97,11,0.33,3.63,20.97,1
478,2.2,1.21,3.52,0.79,-1.52,144,0,12,12,0.53,2.73,0,-12,16.206,12,0.21,2.52,16.206,0
479,1.62,1.79,4.95,0.21,-2.95,25,5,6,4,3.12,4.74,1,-4,12.558,5,0.79,3.95,11.558,1
480,3.77,1.54,8.02,0.46,-6.02,169,260,33,-7,3.79,7.56,400,7,68.372,13,0.54,7.02,48.372,20
481,2.1,1.18,3.34,0.82,-1.34,169,117,22,4,0.42,2.52,81,-4,25.768,13,0.18,2.34,16.768,9
